epoch,step,train_loss_step
0,0,1.981353759765625
0,1,1.96270751953125
0,2,1.73651123046875
0,3,1.7999267578125
0,4,1.6766815185546875
0,5,1.954437255859375
0,6,1.64117431640625
0,7,1.7505950927734375
0,8,1.4645233154296875
0,9,1.57171630859375
0,10,1.5928497314453125
0,11,1.62298583984375
0,12,1.5514678955078125
0,13,1.48895263671875
